{
    "model_type": "TF-IDF + LogisticRegression",
    "best_cv_f1_score": 0.8443569600532316,
    "test_roc_auc": 0.9171178110328639,
    "best_parameters": {
        "features__char_tfidf__max_df": 1.0,
        "features__char_tfidf__max_features": 80000,
        "features__char_tfidf__min_df": 3,
        "features__char_tfidf__ngram_range": [
            3,
            5
        ],
        "features__char_tfidf__sublinear_tf": true,
        "features__transformer_weights": {
            "word_tfidf": 1.0,
            "char_tfidf": 1.25
        },
        "features__word_tfidf__max_df": 0.9,
        "features__word_tfidf__max_features": 80000,
        "features__word_tfidf__min_df": 2,
        "features__word_tfidf__ngram_range": [
            1,
            2
        ],
        "features__word_tfidf__sublinear_tf": true,
        "logreg__C": 2.304582609673582,
        "logreg__class_weight": "balanced",
        "logreg__max_iter": 1000,
        "logreg__penalty": "l1",
        "logreg__tol": 0.001
    },
    "classification_report": {
        "0": {
            "precision": 0.8596491228070176,
            "recall": 0.8051643192488263,
            "f1-score": 0.8315151515151515,
            "support": 1278.0
        },
        "1": {
            "precision": 0.8170462894930198,
            "recall": 0.86875,
            "f1-score": 0.8421052631578947,
            "support": 1280.0
        },
        "accuracy": 0.8369820172009382,
        "macro avg": {
            "precision": 0.8383477061500186,
            "recall": 0.8369571596244132,
            "f1-score": 0.8368102073365231,
            "support": 2558.0
        },
        "weighted avg": {
            "precision": 0.838331051406737,
            "recall": 0.8369820172009382,
            "f1-score": 0.836814347333256,
            "support": 2558.0
        }
    },
    "confusion_matrix": [
        [
            1029,
            249
        ],
        [
            168,
            1112
        ]
    ]
}